gitlab,piusalfred,pius@email.com,zeus,
Olimpia Fahrenbach,ofahrenbachc8,ofahrenbachc8@cloudflare.com,kYsoGORik9Wr,
Amalle Newark,anewarkc9,anewarkc9@chicagotribune.com,Xd8f1v7a,
Lilian Lethibridge,llethibridge0,llethibridge0@e-recht24.de,ugnHiRYG,
Natalee Willoughby,nwilloughby1,nwilloughby1@yellowpages.com,3OkbL7kd,
Malina Ricoald,mricoald2,mricoald2@cpanel.net,hL2GtU06sx,
Cad Whieldon,cwhieldon3,cwhieldon3@tuttocitta.it,OCMDxVE9zV,
Shell Just,sjust4,sjust4@de.vu,iHocHy1L6,
Osbourn Guilloton,oguilloton5,oguilloton5@last.fm,46Wg34,
Jemima Samworth,jsamworth6,jsamworth6@slideshare.net,GJCM0b,
Florence Borne,fborne7,fborne7@shop-pro.jp,cWh1mnZbpsV4,
Babs Prodrick,bprodrick8,bprodrick8@smugmug.com,sQLNKphS,
Melly Gallafant,mgallafant9,mgallafant9@cdc.gov,22Y71m7s,
Brose Heephy,bheephya,bheephya@diigo.com,X1pQAJ98,
Miriam Tremellan,mtremellanb,mtremellanb@devhub.com,BnSuR69up,
